-- MySQL dump 10.13  Distrib 8.0.31, for Linux (x86_64)
--
-- Host: localhost    Database: contabilidade-dev
-- ------------------------------------------------------
-- Server version	8.0.31

/*!40101 SET @OLD_CHARACTER_SET_CLIENT=@@CHARACTER_SET_CLIENT */;
/*!40101 SET @OLD_CHARACTER_SET_RESULTS=@@CHARACTER_SET_RESULTS */;
/*!40101 SET @OLD_COLLATION_CONNECTION=@@COLLATION_CONNECTION */;
/*!50503 SET NAMES utf8mb4 */;
/*!40103 SET @OLD_TIME_ZONE=@@TIME_ZONE */;
/*!40103 SET TIME_ZONE='+00:00' */;
/*!40014 SET @OLD_UNIQUE_CHECKS=@@UNIQUE_CHECKS, UNIQUE_CHECKS=0 */;
/*!40014 SET @OLD_FOREIGN_KEY_CHECKS=@@FOREIGN_KEY_CHECKS, FOREIGN_KEY_CHECKS=0 */;
/*!40101 SET @OLD_SQL_MODE=@@SQL_MODE, SQL_MODE='NO_AUTO_VALUE_ON_ZERO' */;
/*!40111 SET @OLD_SQL_NOTES=@@SQL_NOTES, SQL_NOTES=0 */;

--
-- Table structure for table `banco`
--

DROP TABLE IF EXISTS `banco`;
/*!40101 SET @saved_cs_client     = @@character_set_client */;
/*!50503 SET character_set_client = utf8mb4 */;
CREATE TABLE `banco` (
  `id` int NOT NULL,
  `carga` bit(1) DEFAULT NULL,
  `codigo` varchar(255) DEFAULT NULL,
  `ispb` varchar(255) DEFAULT NULL,
  `nome_extenso` varchar(255) DEFAULT NULL,
  `nome_reduzido` varchar(255) DEFAULT NULL,
  PRIMARY KEY (`id`)
) ENGINE=InnoDB DEFAULT CHARSET=utf8mb4 COLLATE=utf8mb4_0900_ai_ci;
/*!40101 SET character_set_client = @saved_cs_client */;

--
-- Dumping data for table `banco`
--

LOCK TABLES `banco` WRITE;
/*!40000 ALTER TABLE `banco` DISABLE KEYS */;
INSERT INTO `banco` VALUES (1,NULL,'001','00000000','Banco do Brasil S.A.                                                            ','BCO DO BRASIL S.A.'),(2,NULL,'070','00000208','BRB - BANCO DE BRASILIA S.A.                                                    ','BRB - BCO DE BRASILIA S.A.'),(3,NULL,'n/a','00038121','Banco Central do Brasil - Selic                                                 ','Selic                              '),(4,NULL,'n/a','00038166','Banco Central do Brasil                                                         ','Bacen                              '),(5,NULL,'430','00204963','COOPERATIVA DE CREDITO RURAL SEARA - CREDISEARA                                 ','CCR SEARA'),(6,NULL,'272','00250699','AGK CORRETORA DE CAMBIO S.A.                                                    ','AGK CC S.A.'),(7,NULL,'136','00315557','CONFEDERAÇÃO NACIONAL DAS COOPERATIVAS CENTRAIS UNICRED LTDA. - UNICRED DO BRASI','CONF NAC COOP CENTRAIS UNICRED'),(8,NULL,'407','00329598','ÍNDIGO INVESTIMENTOS DISTRIBUIDORA DE TÍTULOS E VALORES MOBILIÁRIOS LTDA.       ','ÍNDIGO INVESTIMENTOS DTVM LTDA.'),(9,NULL,'104','00360305','CAIXA ECONOMICA FEDERAL                                                         ','CAIXA ECONOMICA FEDERAL'),(10,NULL,'n/a','00394460','Secretaria do Tesouro Nacional - STN                                            ','STN                                '),(11,NULL,'077','00416968','Banco Inter S.A.                                                                ','BANCO INTER'),(12,NULL,'423','00460065','COLUNA S/A DISTRIBUIDORA DE TITULOS E VALORES MOBILIÁRIOS                       ','COLUNA S.A. DTVM'),(13,NULL,'741','00517645','BANCO RIBEIRAO PRETO S.A.                                                       ','BCO RIBEIRAO PRETO S.A.'),(14,NULL,'330','00556603','BANCO BARI DE INVESTIMENTOS E FINANCIAMENTOS S.A.                               ','BANCO BARI S.A.'),(15,NULL,'739','00558456','Banco Cetelem S.A.                                                              ','BCO CETELEM S.A.'),(16,NULL,'743','00795423','Banco Semear S.A.                                                               ','BANCO SEMEAR'),(17,NULL,'100','00806535','Planner Corretora de Valores S.A.                                               ','PLANNER CV S.A.'),(18,NULL,'096','00997185','Banco B3 S.A.                                                                   ','BCO B3 S.A.'),(19,NULL,'747','01023570','Banco Rabobank International Brasil S.A.                                        ','BCO RABOBANK INTL BRASIL S.A.'),(20,NULL,'362','01027058','CIELO S.A. - INSTITUIÇÃO DE PAGAMENTO                                           ','CIELO IP S.A.'),(21,NULL,'322','01073966','Cooperativa de Crédito Rural de Abelardo Luz - Sulcredi/Crediluz                ','CCR DE ABELARDO LUZ'),(22,NULL,'748','01181521','BANCO COOPERATIVO SICREDI S.A.                                                  ','BCO COOPERATIVO SICREDI S.A.'),(23,NULL,'350','01330387','COOPERATIVA DE CRÉDITO RURAL DE PEQUENOS AGRICULTORES E DA REFORMA AGRÁRIA DO CE','CREHNOR LARANJEIRAS'),(24,NULL,'752','01522368','Banco BNP Paribas Brasil S.A.                                                   ','BCO BNP PARIBAS BRASIL S A'),(25,NULL,'379','01658426','COOPERFORTE - COOPERATIVA DE ECONOMIA E CRÉDITO MÚTUO DE FUNCIONÁRIOS DE INSTITU','CECM COOPERFORTE'),(26,NULL,'399','01701201','Kirton Bank S.A. - Banco Múltiplo                                               ','KIRTON BANK'),(27,NULL,'108','01800019','\"PORTOCRED S.A. - CREDITO','PORTOCRED S.A. - CFI'),(28,NULL,'378','01852137','BANCO BRASILEIRO DE CRÉDITO SOCIEDADE ANÔNIMA                                   ','BCO BRASILEIRO DE CRÉDITO S.A.'),(29,NULL,'413','01858774','BANCO BV S.A.                                                                   ','BCO BV S.A.'),(30,NULL,'756','02038232','BANCO COOPERATIVO SICOOB S.A. - BANCO SICOOB                                    ','BANCO SICOOB S.A.'),(31,NULL,'360','02276653','TRINUS CAPITAL DISTRIBUIDORA DE TÍTULOS E VALORES MOBILIÁRIOS S.A.              ','TRINUS CAPITAL DTVM'),(32,NULL,'757','02318507','BANCO KEB HANA DO BRASIL S.A.                                                   ','BCO KEB HANA DO BRASIL S.A.'),(33,NULL,'102','02332886','\"XP INVESTIMENTOS CORRETORA DE CÂMBIO','XP INVESTIMENTOS CCTVM S/A'),(34,NULL,'084','02398976','UNIPRIME DO BRASIL - COOPERATIVA DE CRÉDITO                                     ','UNIPRIME DO BRASIL - COOP'),(35,NULL,'180','02685483','\"CM CAPITAL MARKETS CORRETORA DE CÂMBIO','CM CAPITAL MARKETS CCTVM LTDA'),(36,NULL,'066','02801938','BANCO MORGAN STANLEY S.A.                                                       ','BCO MORGAN STANLEY S.A.'),(37,NULL,'015','02819125','\"UBS Brasil Corretora de Câmbio','UBS BRASIL CCTVM S.A.'),(38,NULL,'143','02992317','Treviso Corretora de Câmbio S.A.                                                ','TREVISO CC S.A.'),(39,NULL,'n/a','02992335','CIP S.A                                                                         ','CIP SA Siloc                       '),(40,NULL,'062','03012230','Hipercard Banco Múltiplo S.A.                                                   ','HIPERCARD BM S.A.'),(41,NULL,'074','03017677','Banco J. Safra S.A.                                                             ','BCO. J.SAFRA S.A.'),(42,NULL,'099','03046391','UNIPRIME CENTRAL NACIONAL - CENTRAL NACIONAL DE COOPERATIVA DE CREDITO          ','UNIPRIME COOPCENTRAL LTDA.'),(43,NULL,'387','03215790','Banco Toyota do Brasil S.A.                                                     ','BCO TOYOTA DO BRASIL S.A.'),(44,NULL,'326','03311443','\"PARATI - CREDITO','PARATI - CFI S.A.'),(45,NULL,'025','03323840','Banco Alfa S.A.                                                                 ','BCO ALFA S.A.'),(46,NULL,'075','03532415','Banco ABN Amro S.A.                                                             ','BCO ABN AMRO S.A.'),(47,NULL,'040','03609817','Banco Cargill S.A.                                                              ','BCO CARGILL S.A.'),(48,NULL,'307','03751794','Terra Investimentos Distribuidora de Títulos e Valores Mobiliários Ltda.        ','TERRA INVESTIMENTOS DTVM'),(49,NULL,'385','03844699','COOPERATIVA DE ECONOMIA E CREDITO MUTUO DOS TRABALHADORES PORTUARIOS DA GRANDE V','CECM DOS TRAB.PORT. DA G.VITOR'),(50,NULL,'425','03881423','\"SOCINAL S.A. - CRÉDITO','SOCINAL S.A. CFI'),(51,NULL,'190','03973814','SERVICOOP - COOPERATIVA DE CRÉDITO DOS SERVIDORES PÚBLICOS ESTADUAIS E MUNICIPAI','SERVICOOP'),(52,NULL,'296','04062902','OZ CORRETORA DE CÂMBIO S.A.                                                     ','OZ CORRETORA DE CÂMBIO S.A.'),(53,NULL,'063','04184779','Banco Bradescard S.A.                                                           ','BANCO BRADESCARD'),(54,NULL,'191','04257795','Nova Futura Corretora de Títulos e Valores Mobiliários Ltda.                    ','NOVA FUTURA CTVM LTDA.'),(55,NULL,'382','04307598','FIDÚCIA SOCIEDADE DE CRÉDITO AO MICROEMPREENDEDOR E À EMPRESA DE PEQUENO PORTE L','FIDUCIA SCMEPP LTDA'),(56,NULL,'064','04332281','GOLDMAN SACHS DO BRASIL BANCO MULTIPLO S.A.                                     ','GOLDMAN SACHS DO BRASIL BM S.A'),(57,NULL,'n/a','04391007','CIP S.A                                                                         ','CAMARA INTERBANCARIA DE PAGAMENTOS - CIP'),(58,NULL,'459','04546162','COOPERATIVA DE CRÉDITO MÚTUO DE SERVIDORES PÚBLICOS DO ESTADO DE SÃO PAULO - CRE','CCM SERV. PÚBLICOS SP'),(59,NULL,'097','04632856','Credisis - Central de Cooperativas de Crédito Ltda.                             ','CREDISIS CENTRAL DE COOPERATIVAS DE CRÉDITO LTDA.'),(60,NULL,'016','04715685','COOPERATIVA DE CRÉDITO MÚTUO DOS DESPACHANTES DE TRÂNSITO DE SANTA CATARINA E RI','CCM DESP TRÂNS SC E RS'),(61,NULL,'299','04814563','BANCO SOROCRED S.A. - BANCO MÚLTIPLO                                            ','BCO SOROCRED S.A. - BM'),(62,NULL,'471','04831810','COOPERATIVA DE ECONOMIA E CREDITO MUTUO DOS SERVIDORES PUBLICOS DE PINHÃO - CRES','CECM SERV PUBL PINHÃO'),(63,NULL,'468','04862600','\"PORTOSEG S.A. - CREDITO','PORTOSEG S.A. CFI'),(64,NULL,'012','04866275','Banco Inbursa S.A.                                                              ','BANCO INBURSA'),(65,NULL,'003','04902979','BANCO DA AMAZONIA S.A.                                                          ','BCO DA AMAZONIA S.A.'),(66,NULL,'060','04913129','Confidence Corretora de Câmbio S.A.                                             ','CONFIDENCE CC S.A.'),(67,NULL,'037','04913711','Banco do Estado do Pará S.A.                                                    ','BCO DO EST. DO PA S.A.'),(68,NULL,'411','05192316','\"Via Certa Financiadora S.A. - Crédito','VIA CERTA FINANCIADORA S.A. - CFI'),(69,NULL,'359','05351887','\"ZEMA CRÉDITO','ZEMA CFI S/A'),(70,NULL,'159','05442029','Casa do Crédito S.A. Sociedade de Crédito ao Microempreendedor                  ','CASA CREDITO S.A. SCM'),(71,NULL,'085','05463212','Cooperativa Central de Crédito - Ailos                                          ','COOPCENTRAL AILOS'),(72,NULL,'400','05491616','\"COOPERATIVA DE CRÉDITO','COOP CREDITAG'),(73,NULL,'429','05676026','\"Crediare S.A. - Crédito','CREDIARE CFI S.A.'),(74,NULL,'410','05684234','PLANNER SOCIEDADE DE CRÉDITO DIRETO S.A.                                        ','PLANNER SOCIEDADE DE CRÉDITO DIRETO'),(75,NULL,'114','05790149','Central Cooperativa de Crédito no Estado do Espírito Santo - CECOOP             ','CENTRAL COOPERATIVA DE CRÉDITO NO ESTADO DO ESPÍRITO SANTO'),(76,NULL,'328','05841967','COOPERATIVA DE ECONOMIA E CRÉDITO MÚTUO DOS FABRICANTES DE CALÇADOS DE SAPIRANGA','CECM FABRIC CALÇADOS SAPIRANGA'),(77,NULL,'036','06271464','Banco Bradesco BBI S.A.                                                         ','BCO BBI S.A.'),(78,NULL,'469','07138049','LIGA INVEST DISTRIBUIDORA DE TÍTULOS E VALORES MOBILIÁRIOS LTDA                 ','LIGA INVEST DTVM LTDA.'),(79,NULL,'394','07207996','Banco Bradesco Financiamentos S.A.                                              ','BCO BRADESCO FINANC. S.A.'),(80,NULL,'004','07237373','Banco do Nordeste do Brasil S.A.                                                ','BCO DO NORDESTE DO BRASIL S.A.'),(81,NULL,'458','07253654','HEDGE INVESTMENTS DISTRIBUIDORA DE TÍTULOS E VALORES MOBILIÁRIOS LTDA.          ','HEDGE INVESTMENTS DTVM LTDA.'),(82,NULL,'320','07450604','China Construction Bank (Brasil) Banco Múltiplo S/A                             ','BCO CCB BRASIL S.A.'),(83,NULL,'189','07512441','\"HS FINANCEIRA S/A CREDITO','HS FINANCEIRA'),(84,NULL,'105','07652226','\"Lecca Crédito','LECCA CFI S.A.'),(85,NULL,'076','07656500','Banco KDB do Brasil S.A.                                                        ','BCO KDB BRASIL S.A.'),(86,NULL,'082','07679404','BANCO TOPÁZIO S.A.                                                              ','BANCO TOPÁZIO S.A.'),(87,NULL,'312','07693858','HSCM - SOCIEDADE DE CRÉDITO AO MICROEMPREENDEDOR E À EMPRESA DE PEQUENO PORTE LT','HSCM SCMEPP LTDA.'),(88,NULL,'195','07799277','VALOR SOCIEDADE DE CRÉDITO DIRETO S.A.                                          ','VALOR SCD S.A.'),(89,NULL,'286','07853842','COOPERATIVA DE CRÉDITO RURAL DE OURO   SULCREDI/OURO                            ','CCR DE OURO'),(90,NULL,'093','07945233','PÓLOCRED   SOCIEDADE DE CRÉDITO AO MICROEMPREENDEDOR E À EMPRESA DE PEQUENO PORT','POLOCRED SCMEPP LTDA.'),(91,NULL,'391','08240446','COOPERATIVA DE CREDITO RURAL DE IBIAM - SULCREDI/IBIAM                          ','CCR DE IBIAM'),(92,NULL,'273','08253539','Cooperativa de Crédito Rural de São Miguel do Oeste - Sulcredi/São Miguel       ','CCR DE SÃO MIGUEL DO OESTE'),(93,NULL,'368','08357240','Banco CSF S.A.                                                                  ','BCO CSF S.A.'),(94,NULL,'290','08561701','PAGSEGURO INTERNET INSTITUIÇÃO DE PAGAMENTO S.A.                                ','PAGSEGURO INTERNET IP S.A.'),(95,NULL,'259','08609934','MONEYCORP BANCO DE CÂMBIO S.A.                                                  ','MONEYCORP BCO DE CÂMBIO S.A.'),(96,NULL,'395','08673569','F.D\'GOLD - DISTRIBUIDORA DE TÍTULOS E VALORES MOBILIÁRIOS LTDA.                 ','F D GOLD DTVM LTDA'),(97,NULL,'364','09089356','GERENCIANET S.A.                                                                ','GERENCIANET'),(98,NULL,'157','09105360','ICAP do Brasil Corretora de Títulos e Valores Mobiliários Ltda.                 ','ICAP DO BRASIL CTVM LTDA.'),(99,NULL,'183','09210106','SOCRED S.A. - SOCIEDADE DE CRÉDITO AO MICROEMPREENDEDOR E À EMPRESA DE PEQUENO P','SOCRED SA - SCMEPP'),(100,NULL,'014','09274232','STATE STREET BRASIL S.A. - BANCO COMERCIAL                                      ','STATE STREET BR S.A. BCO COMERCIAL'),(101,NULL,'130','09313766','\"CARUANA S.A. - SOCIEDADE DE CRÉDITO','CARUANA SCFI'),(102,NULL,'358','09464032','\"MIDWAY S.A. - CRÉDITO','MIDWAY S.A. - SCFI'),(103,NULL,'127','09512542','Codepe Corretora de Valores e Câmbio S.A.                                       ','CODEPE CVC S.A.'),(104,NULL,'079','09516419','PICPAY BANK - BANCO MÚLTIPLO S.A                                                ','PICPAY BANK - BANCO MÚLTIPLO S.A'),(105,NULL,'340','09554480','SUPERDIGITAL INSTITUIÇÃO DE PAGAMENTO S.A.                                      ','SUPERDIGITAL I.P. S.A.'),(106,NULL,'081','10264663','BancoSeguro S.A.                                                                ','BANCOSEGURO S.A.'),(107,NULL,'475','10371492','Banco Yamaha Motor do Brasil S.A.                                               ','BCO YAMAHA MOTOR S.A.'),(108,NULL,'133','10398952','CONFEDERAÇÃO NACIONAL DAS COOPERATIVAS CENTRAIS DE CRÉDITO E ECONOMIA FAMILIAR E','CRESOL CONFEDERAÇÃO'),(109,NULL,'323','10573521','MERCADO PAGO INSTITUIÇÃO DE PAGAMENTO LTDA.                                     ','MERCADO PAGO IP LTDA.'),(110,NULL,'121','10664513','Banco Agibank S.A.                                                              ','BCO AGIBANK S.A.'),(111,NULL,'083','10690848','Banco da China Brasil S.A.                                                      ','BCO DA CHINA BRASIL S.A.'),(112,NULL,'138','10853017','Get Money Corretora de Câmbio S.A.                                              ','GET MONEY CC LTDA'),(113,NULL,'024','10866788','Banco Bandepe S.A.                                                              ','BCO BANDEPE S.A.'),(114,NULL,'384','11165756','GLOBAL FINANÇAS SOCIEDADE DE CRÉDITO AO MICROEMPREENDEDOR E À EMPRESA DE PEQUENO','GLOBAL SCM LTDA'),(115,NULL,'426','11285104','\"Biorc Financeira - Crédito','BIORC FINANCEIRA - CFI S.A.'),(116,NULL,'088','11476673','BANCO RANDON S.A.                                                               ','BANCO RANDON S.A.'),(117,NULL,'319','11495073','OM DISTRIBUIDORA DE TÍTULOS E VALORES MOBILIÁRIOS LTDA                          ','OM DTVM LTDA'),(118,NULL,'274','11581339','BMP SOCIEDADE DE CRÉDITO AO MICROEMPREENDEDOR E A EMPRESA DE PEQUENO PORTE LTDA.','BMP SCMEPP LTDA'),(119,NULL,'095','11703662','Travelex Banco de Câmbio S.A.                                                   ','TRAVELEX BANCO DE CÂMBIO S.A.'),(120,NULL,'094','11758741','Banco Finaxis S.A.                                                              ','BANCO FINAXIS'),(121,NULL,'478','11760553','\"GAZINCRED S.A. SOCIEDADE DE CRÉDITO','GAZINCRED S.A. SCFI'),(122,NULL,'276','11970623','BANCO SENFF S.A.                                                                ','BCO SENFF S.A.'),(123,NULL,'447','12392983','\"MIRAE ASSET WEALTH MANAGEMENT (BRAZIL) CORRETORA DE CÂMBIO','MIRAE ASSET CCTVM LTDA'),(124,NULL,'092','12865507','\"BRK S.A. Crédito','BRK S.A. CFI'),(125,NULL,'047','13009717','Banco do Estado de Sergipe S.A.                                                 ','BCO DO EST. DE SE S.A.'),(126,NULL,'144','13059145','BEXS BANCO DE CÂMBIO S/A                                                        ','BEXS BCO DE CAMBIO S.A.'),(127,NULL,'332','13140088','Acesso Soluções de Pagamento S.A.                                               ','ACESSO SOLUCOES PAGAMENTO SA'),(128,NULL,'450','13203354','FITBANK PAGAMENTOS ELETRONICOS S.A.                                             ','FITBANK PAGAMENTOS ELETRONICOS S.A.'),(129,NULL,'126','13220493','BR Partners Banco de Investimento S.A.                                          ','BR PARTNERS BI'),(130,NULL,'325','13293225','Órama Distribuidora de Títulos e Valores Mobiliários S.A.                       ','ÓRAMA DTVM S.A.'),(131,NULL,'301','13370835','DOCK INSTITUIÇÃO DE PAGAMENTO S.A.                                              ','DOCK IP S.A.'),(132,NULL,'173','13486793','BRL Trust Distribuidora de Títulos e Valores Mobiliários S.A.                   ','BRL TRUST DTVM SA'),(133,NULL,'331','13673855','Fram Capital Distribuidora de Títulos e Valores Mobiliários S.A.                ','FRAM CAPITAL DTVM S.A.'),(134,NULL,'119','13720915','Banco Western Union do Brasil S.A.                                              ','BCO WESTERN UNION'),(135,NULL,'396','13884775','HUB INSTITUIÇÃO DE PAGAMENTO S.A.                                               ','HUB IP S.A.'),(136,NULL,'309','14190547','CAMBIONET CORRETORA DE CÂMBIO LTDA.                                             ','CAMBIONET CC LTDA'),(137,NULL,'254','14388334','PARANÁ BANCO S.A.                                                               ','PARANA BCO S.A.'),(138,NULL,'268','14511781','BARI COMPANHIA HIPOTECÁRIA                                                      ','BARI CIA HIPOTECÁRIA'),(139,NULL,'401','15111975','IUGU INSTITUIÇÃO DE PAGAMENTO S.A.                                              ','IUGU IP S.A.'),(140,NULL,'107','15114366','Banco Bocom BBM S.A.                                                            ','BCO BOCOM BBM S.A.'),(141,NULL,'412','15173776','SOCIAL BANK BANCO MÚLTIPLO S/A                                                  ','SOCIAL BANK S/A'),(142,NULL,'124','15357060','Banco Woori Bank do Brasil S.A.                                                 ','BCO WOORI BANK DO BRASIL S.A.'),(143,NULL,'149','15581638','Facta Financeira S.A. - Crédito Financiamento e Investimento                    ','FACTA S.A. CFI'),(144,NULL,'197','16501555','STONE INSTITUIÇÃO DE PAGAMENTO S.A.                                             ','STONE IP S.A.'),(145,NULL,'439','16695922','ID CORRETORA DE TÍTULOS E VALORES MOBILIÁRIOS S.A.                              ','ID CTVM'),(146,NULL,'313','16927221','AMAZÔNIA CORRETORA DE CÂMBIO LTDA.                                              ','AMAZÔNIA CC LTDA.'),(147,NULL,'142','16944141','Broker Brasil Corretora de Câmbio Ltda.                                         ','BROKER BRASIL CC LTDA.'),(148,NULL,'389','17184037','Banco Mercantil do Brasil S.A.                                                  ','BCO MERCANTIL DO BRASIL S.A.'),(149,NULL,'184','17298092','Banco Itaú BBA S.A.                                                             ','BCO ITAÚ BBA S.A.'),(150,NULL,'634','17351180','BANCO TRIANGULO S.A.                                                            ','BCO TRIANGULO S.A.'),(151,NULL,'545','17352220','SENSO CORRETORA DE CAMBIO E VALORES MOBILIARIOS S.A                             ','SENSO CCVM S.A.'),(152,NULL,'132','17453575','ICBC do Brasil Banco Múltiplo S.A.                                              ','ICBC DO BRASIL BM S.A.'),(153,NULL,'298','17772370','Vip\'s Corretora de Câmbio Ltda.                                                 ','VIPS CC LTDA.'),(154,NULL,'377','17826860','BMS SOCIEDADE DE CRÉDITO DIRETO S.A.                                            ','BMS SCD S.A.'),(155,NULL,'321','18188384','CREFAZ SOCIEDADE DE CRÉDITO AO MICROEMPREENDEDOR E A EMPRESA DE PEQUENO PORTE LT','CREFAZ SCMEPP LTDA'),(156,NULL,'260','18236120','NU PAGAMENTOS S.A. - INSTITUIÇÃO DE PAGAMENTO                                   ','NU PAGAMENTOS - IP'),(157,NULL,'470','18394228','CDC SOCIEDADE DE CRÉDITO AO MICROEMPREENDEDOR E À EMPRESADE PEQUENO PORTE LTDA. ','CDC SOCIEDADE DE CRÉDITO'),(158,NULL,'129','18520834','UBS Brasil Banco de Investimento S.A.                                           ','UBS BRASIL BI S.A.'),(159,NULL,'128','19307785','MS Bank S.A. Banco de Câmbio                                                    ','MS BANK S.A. BCO DE CÂMBIO'),(160,NULL,'416','19324634','LAMARA SOCIEDADE DE CRÉDITO DIRETO S.A.                                         ','LAMARA SCD S.A.'),(161,NULL,'461','19540550','ASAAS GESTÃO FINANCEIRA INSTITUIÇÃO DE PAGAMENTO S.A.                           ','ASAAS IP S.A.'),(162,NULL,'194','20155248','PARMETAL DISTRIBUIDORA DE TÍTULOS E VALORES MOBILIÁRIOS LTDA                    ','PARMETAL DTVM LTDA'),(163,NULL,'383','21018182','EBANX INSTITUICAO DE PAGAMENTOS LTDA.                                           ','EBANX IP LTDA.'),(164,NULL,'324','21332862','CARTOS SOCIEDADE DE CRÉDITO DIRETO S.A.                                         ','CARTOS SCD S.A.'),(165,NULL,'310','22610500','VORTX DISTRIBUIDORA DE TITULOS E VALORES MOBILIARIOS LTDA.                      ','VORTX DTVM LTDA.'),(166,NULL,'380','22896431','PICPAY INSTITUIçãO DE PAGAMENTO S.A.                                            ','PICPAY'),(167,NULL,'163','23522214','Commerzbank Brasil S.A. - Banco Múltiplo                                        ','COMMERZBANK BRASIL S.A. - BCO MÚLTIPLO'),(168,NULL,'280','23862762','\"WILL FINANCEIRA S.A. CRÉDITO','WILL FINANCEIRA S.A.CFI'),(169,NULL,'146','24074692','GUITTA CORRETORA DE CAMBIO LTDA.                                                ','GUITTA CC LTDA'),(170,NULL,'343','24537861','FFA SOCIEDADE DE CRÉDITO AO MICROEMPREENDEDOR E À EMPRESA DE PEQUENO PORTE LTDA.','FFA SCMEPP LTDA.'),(171,NULL,'279','26563270','PRIMACREDI COOPERATIVA DE CRÉDITO DE PRIMAVERA DO LESTE                         ','COOP DE PRIMAVERA DO LESTE'),(172,NULL,'335','27098060','Banco Digio S.A.                                                                ','BANCO DIGIO'),(173,NULL,'349','27214112','\"AL5 S.A. CRÉDITO','AL5 S.A. CFI'),(174,NULL,'427','27302181','COOPERATIVA DE CREDITO DOS SERVIDORES DA UNIVERSIDADE FEDERAL DO ESPIRITO SANTO ','CRED-UFES'),(175,NULL,'374','27351731','\"REALIZE CRÉDITO','REALIZE CFI S.A.'),(176,NULL,'278','27652684','Genial Investimentos Corretora de Valores Mobiliários S.A.                      ','GENIAL INVESTIMENTOS CVM S.A.'),(177,NULL,'271','27842177','\"IB Corretora de Câmbio','IB CCTVM S.A.'),(178,NULL,'021','28127603','BANESTES S.A. BANCO DO ESTADO DO ESPIRITO SANTO                                 ','BCO BANESTES S.A.'),(179,NULL,'246','28195667','Banco ABC Brasil S.A.                                                           ','BCO ABC BRASIL S.A.'),(180,NULL,'292','28650236','BS2 Distribuidora de Títulos e Valores Mobiliários S.A.                         ','BS2 DTVM S.A.'),(181,NULL,'n/a','28719664','Sistema do Balcão B3                                                            ','Balcão B3                          '),(182,NULL,'n/a','29011780','CIP S.A                                                                         ','CIP SA C3                          '),(183,NULL,'751','29030467','Scotiabank Brasil S.A. Banco Múltiplo                                           ','SCOTIABANK BRASIL'),(184,NULL,'352','29162769','TORO CORRETORA DE TÍTULOS E VALORES MOBILIÁRIOS S.A.                            ','TORO CTVM S.A.'),(185,NULL,'208','30306294','Banco BTG Pactual S.A.                                                          ','BANCO BTG PACTUAL S.A.'),(186,NULL,'386','30680829','\"NU FINANCEIRA S.A. - Sociedade de Crédito','NU FINANCEIRA S.A. CFI'),(187,NULL,'746','30723886','Banco Modal S.A.                                                                ','BCO MODAL S.A.'),(188,NULL,'241','31597552','BANCO CLASSICO S.A.                                                             ','BCO CLASSICO S.A.'),(189,NULL,'398','31749596','IDEAL CORRETORA DE TÍTULOS E VALORES MOBILIÁRIOS S.A.                           ','IDEAL CTVM S.A.'),(190,_binary '','336','31872495','Banco C6 S.A.                                                                   ','BCO C6 S.A.'),(191,NULL,'612','31880826','Banco Guanabara S.A.                                                            ','BCO GUANABARA S.A.'),(192,NULL,'604','31895683','Banco Industrial do Brasil S.A.                                                 ','BCO INDUSTRIAL DO BRASIL S.A.'),(193,NULL,'505','32062580','Banco Credit Suisse (Brasil) S.A.                                               ','BCO CREDIT SUISSE S.A.'),(194,NULL,'329','32402502','QI Sociedade de Crédito Direto S.A.                                             ','QI SCD S.A.'),(195,NULL,'196','32648370','FAIR CORRETORA DE CAMBIO S.A.                                                   ','FAIR CC S.A.'),(196,NULL,'342','32997490','Creditas Sociedade de Crédito Direto S.A.                                       ','CREDITAS SCD'),(197,NULL,'300','33042151','Banco de la Nacion Argentina                                                    ','BCO LA NACION ARGENTINA'),(198,NULL,'477','33042953','Citibank N.A.                                                                   ','CITIBANK N.A.'),(199,NULL,'266','33132044','BANCO CEDULA S.A.                                                               ','BCO CEDULA S.A.'),(200,NULL,'122','33147315','Banco Bradesco BERJ S.A.                                                        ','BCO BRADESCO BERJ S.A.'),(201,NULL,'376','33172537','BANCO J.P. MORGAN S.A.                                                          ','BCO J.P. MORGAN S.A.'),(202,NULL,'348','33264668','Banco XP S.A.                                                                   ','BCO XP S.A.'),(203,NULL,'473','33466988','Banco Caixa Geral - Brasil S.A.                                                 ','BCO CAIXA GERAL BRASIL S.A.'),(204,NULL,'745','33479023','Banco Citibank S.A.                                                             ','BCO CITIBANK S.A.'),(205,NULL,'120','33603457','BANCO RODOBENS S.A.                                                             ','BCO RODOBENS S.A.'),(206,NULL,'265','33644196','Banco Fator S.A.                                                                ','BCO FATOR S.A.'),(207,NULL,'007','33657248','BANCO NACIONAL DE DESENVOLVIMENTO ECONOMICO E SOCIAL                            ','BNDES'),(208,NULL,'188','33775974','\"ATIVA INVESTIMENTOS S.A. CORRETORA DE TÍTULOS','ATIVA S.A. INVESTIMENTOS CCTVM'),(209,NULL,'134','33862244','BGC LIQUIDEZ DISTRIBUIDORA DE TÍTULOS E VALORES MOBILIÁRIOS LTDA                ','BGC LIQUIDEZ DTVM LTDA'),(210,NULL,'029','33885724','Banco Itaú Consignado S.A.                                                      ','BANCO ITAÚ CONSIGNADO S.A.'),(211,NULL,'467','33886862','\"MASTER S/A CORRETORA DE CâMBIO','MASTER S/A CCTVM'),(212,NULL,'243','33923798','BANCO MASTER S/A                                                                ','BANCO MASTER'),(213,NULL,'397','34088029','LISTO SOCIEDADE DE CREDITO DIRETO S.A.                                          ','LISTO SCD S.A.'),(214,NULL,'078','34111187','Haitong Banco de Investimento do Brasil S.A.                                    ','HAITONG BI DO BRASIL S.A.'),(215,NULL,'355','34335592','ÓTIMO SOCIEDADE DE CRÉDITO DIRETO S.A.                                          ','ÓTIMO SCD S.A.'),(216,NULL,'367','34711571','VITREO DISTRIBUIDORA DE TÍTULOS E VALORES MOBILIÁRIOS S.A.                      ','VITREO DTVM S.A.'),(217,NULL,'445','35551187','\"PLANTAE S.A. - CRÉDITO','PLANTAE CFI'),(218,NULL,'373','35977097','UP.P SOCIEDADE DE EMPRÉSTIMO ENTRE PESSOAS S.A.                                 ','UP.P SEP S.A.'),(219,NULL,'111','36113876','OLIVEIRA TRUST DISTRIBUIDORA DE TÍTULOS E VALORES MOBILIARIOS S.A.              ','OLIVEIRA TRUST DTVM S.A.'),(220,NULL,'512','36266751','CAPTALYS DISTRIBUIDORA DE TÍTULOS E VALORES MOBILIÁRIOS LTDA.                   ','CAPTALYS DTVM LTDA.'),(221,NULL,'516','36583700','\"FC FINANCEIRA S.A. - CRÉDITO','FC FINANCEIRA S.A. - CFI'),(222,NULL,'408','36586946','BONUSPAGO SOCIEDADE DE CRÉDITO DIRETO S.A.                                      ','BONUSPAGO SCD S.A.'),(223,NULL,'484','36864992','MAF DISTRIBUIDORA DE TÍTULOS E VALORES MOBILIÁRIOS S.A.                         ','MAF DTVM SA'),(224,NULL,'402','36947229','COBUCCIO SOCIEDADE DE CRÉDITO DIRETO S.A.                                       ','COBUCCIO S.A. SCFI'),(225,NULL,'404','37241230','SUMUP SOCIEDADE DE CRÉDITO DIRETO S.A.                                          ','SUMUP SCD S.A.'),(226,NULL,'418','37414009','ZIPDIN SOLUÇÕES DIGITAIS SOCIEDADE DE CRÉDITO DIRETO S/A                        ','ZIPDIN SCD S.A.'),(227,NULL,'414','37526080','WORK SOCIEDADE DE CRÉDITO DIRETO S.A.                                           ','WORK SCD S.A.'),(228,NULL,'449','37555231','DMCARD SOCIEDADE DE CRÉDITO DIRETO S.A.                                         ','DMCARD SCD S.A.'),(229,NULL,'406','37715993','ACCREDITO - SOCIEDADE DE CRÉDITO DIRETO S.A.                                    ','ACCREDITO SCD S.A.'),(230,NULL,'403','37880206','CORA SOCIEDADE DE CRÉDITO DIRETO S.A.                                           ','CORA SCD S.A.'),(231,NULL,'419','38129006','NUMBRS SOCIEDADE DE CRÉDITO DIRETO S.A.                                         ','NUMBRS SCD S.A.'),(232,NULL,'435','38224857','DELCRED SOCIEDADE DE CRÉDITO DIRETO S.A.                                        ','DELCRED SCD S.A.'),(233,NULL,'421','39343350','LAR COOPERATIVA DE CRÉDITO - LAR CREDI                                          ','CC LAR CREDI'),(234,NULL,'443','39416705','CREDIHOME SOCIEDADE DE CRÉDITO DIRETO S.A.                                      ','CREDIHOME SCD'),(235,NULL,'457','39587424','UY3 SOCIEDADE DE CRÉDITO DIRETO S/A                                             ','UY3 SCD S/A'),(236,NULL,'428','39664698','CREDSYSTEM SOCIEDADE DE CRÉDITO DIRETO S.A.                                     ','CREDSYSTEM SCD S.A.'),(237,NULL,'448','39669186','HEMERA DISTRIBUIDORA DE TÍTULOS E VALORES MOBILIÁRIOS LTDA.                     ','HEMERA DTVM LTDA.'),(238,NULL,'452','39676772','CREDIFIT SOCIEDADE DE CRÉDITO DIRETO S.A.                                       ','CREDIFIT SCD S.A.'),(239,NULL,'462','39908427','STARK SOCIEDADE DE CRÉDITO DIRETO S.A.                                          ','STARK SCD S.A.'),(240,NULL,'465','40083667','CAPITAL CONSIG SOCIEDADE DE CRÉDITO DIRETO S.A.                                 ','CAPITAL CONSIG SCD S.A.'),(241,NULL,'306','40303299','PORTOPAR DISTRIBUIDORA DE TITULOS E VALORES MOBILIARIOS LTDA.                   ','PORTOPAR DTVM LTDA'),(242,NULL,'463','40434681','AZUMI DISTRIBUIDORA DE TíTULOS E VALORES MOBILIáRIOS LTDA.                      ','AZUMI DTVM'),(243,NULL,'451','40475846','J17 - SOCIEDADE DE CRÉDITO DIRETO S/A                                           ','J17 - SCD S/A'),(244,NULL,'444','40654622','TRINUS SOCIEDADE DE CRÉDITO DIRETO S.A.                                         ','TRINUS SCD S.A.'),(245,NULL,'454','41592532','MÉRITO DISTRIBUIDORA DE TÍTULOS E VALORES MOBILIÁRIOS LTDA.                     ','MÉRITO DTVM LTDA.'),(246,NULL,'460','42047025','UNAVANTI SOCIEDADE DE CRÉDITO DIRETO S/A                                        ','UNAVANTI SCD S/A'),(247,NULL,'506','42066258','RJI CORRETORA DE TITULOS E VALORES MOBILIARIOS LTDA                             ','RJI'),(248,NULL,'482','42259084','SBCASH SOCIEDADE DE CRÉDITO DIRETO S.A.                                         ','SBCASH SCD'),(249,NULL,'017','42272526','BNY Mellon Banco S.A.                                                           ','BNY MELLON BCO S.A.'),(250,NULL,'174','43180355','\"PEFISA S.A. - CRÉDITO','PEFISA S.A. - C.F.I.'),(251,NULL,'481','43599047','SUPERLÓGICA SOCIEDADE DE CRÉDITO DIRETO S.A.                                    ','SUPERLÓGICA SCD S.A.'),(252,NULL,'433','44077014','BR-CAPITAL DISTRIBUIDORA DE TÍTULOS E VALORES MOBILIÁRIOS S.A.                  ','BR-CAPITAL DTVM S.A.'),(253,NULL,'495','44189447','Banco de La Provincia de Buenos Aires                                           ','BCO LA PROVINCIA B AIRES BCE'),(254,NULL,'511','44683140','MAGNUM SOCIEDADE DE CRÉDITO DIRETO S.A.                                         ','MAGNUM SCD'),(255,NULL,'125','45246410','BANCO GENIAL S.A.                                                               ','BANCO GENIAL'),(256,NULL,'488','46518205','\"JPMorgan Chase Bank','JPMORGAN CHASE BANK'),(257,NULL,'065','48795256','Banco AndBank (Brasil) S.A.                                                     ','BCO ANDBANK S.A.'),(258,NULL,'145','50579044','LEVYCAM - CORRETORA DE CAMBIO E VALORES LTDA.                                   ','LEVYCAM CCV LTDA'),(259,NULL,' CRÉDITO E VAREJO S.A.\"','50585090','RSFN','\"BCV - BCO'),(260,NULL,'253','52937216','Bexs Corretora de Câmbio S/A                                                    ','BEXS CC S.A.'),(261,NULL,'269','53518684','BANCO HSBC S.A.                                                                 ','BCO HSBC S.A.'),(262,NULL,'213','54403563','Banco Arbi S.A.                                                                 ','BCO ARBI S.A.'),(263,NULL,'n/a','54641030','Câmara B3                                                                       ','Câmara B3                          '),(264,NULL,'139','55230916','Intesa Sanpaolo Brasil S.A. - Banco Múltiplo                                    ','INTESA SANPAOLO BRASIL S.A. BM'),(265,NULL,'018','57839805','Banco Tricury S.A.                                                              ','BCO TRICURY S.A.'),(266,NULL,'422','58160789','Banco Safra S.A.                                                                ','BCO SAFRA S.A.'),(267,NULL,'630','58497702','BANCO LETSBANK S.A.                                                             ','BCO LETSBANK S.A.'),(268,NULL,'224','58616418','Banco Fibra S.A.                                                                ','BCO FIBRA S.A.'),(269,NULL,'393','59109165','Banco Volkswagen S.A.                                                           ','BCO VOLKSWAGEN S.A'),(270,NULL,'600','59118133','Banco Luso Brasileiro S.A.                                                      ','BCO LUSO BRASILEIRO S.A.'),(271,NULL,'390','59274605','BANCO GM S.A.                                                                   ','BCO GM S.A.'),(272,NULL,'623','59285411','Banco Pan S.A.                                                                  ','BANCO PAN'),(273,NULL,'655','59588111','Banco Votorantim S.A.                                                           ','BCO VOTORANTIM S.A.'),(274,NULL,'479','60394079','Banco ItauBank S.A.                                                             ','BCO ITAUBANK S.A.'),(275,NULL,'456','60498557','Banco MUFG Brasil S.A.                                                          ','BCO MUFG BRASIL S.A.'),(276,NULL,'464','60518222','Banco Sumitomo Mitsui Brasileiro S.A.                                           ','BCO SUMITOMO MITSUI BRASIL S.A.'),(277,NULL,'341','60701190','ITAÚ UNIBANCO S.A.                                                              ','ITAÚ UNIBANCO S.A.'),(278,_binary '','237','60746948','Banco Bradesco S.A.                                                             ','BCO BRADESCO S.A.'),(279,NULL,'381','60814191','BANCO MERCEDES-BENZ DO BRASIL S.A.                                              ','BCO MERCEDES-BENZ S.A.'),(280,NULL,'613','60850229','Omni Banco S.A.                                                                 ','OMNI BANCO S.A.'),(281,NULL,'652','60872504','Itaú Unibanco Holding S.A.                                                      ','ITAÚ UNIBANCO HOLDING S.A.'),(282,NULL,'637','60889128','BANCO SOFISA S.A.                                                               ','BCO SOFISA S.A.'),(283,NULL,'n/a','60934221','Câmara de Câmbio B3                                                             ','Câmbio B3                          '),(284,NULL,'653','61024352','BANCO VOITER S.A.                                                               ','BANCO VOITER'),(285,NULL,'069','61033106','Banco Crefisa S.A.                                                              ','BCO CREFISA S.A.'),(286,NULL,'370','61088183','Banco Mizuho do Brasil S.A.                                                     ','BCO MIZUHO S.A.'),(287,NULL,'249','61182408','Banco Investcred Unibanco S.A.                                                  ','BANCO INVESTCRED UNIBANCO S.A.'),(288,NULL,'318','61186680','Banco BMG S.A.                                                                  ','BCO BMG S.A.'),(289,NULL,'626','61348538','BANCO C6 CONSIGNADO S.A.                                                        ','BCO C6 CONSIG'),(290,NULL,'508','61384004','AVENUE SECURITIES DISTRIBUIDORA DE TÍTULOS E VALORES MOBILIÁRIOS LTDA.          ','AVENUE SECURITIES DTVM LTDA.'),(291,NULL,'270','61444949','SAGITUR CORRETORA DE CÂMBIO S.A.                                                ','SAGITUR CC'),(292,NULL,'366','61533584','BANCO SOCIETE GENERALE BRASIL S.A.                                              ','BCO SOCIETE GENERALE BRASIL'),(293,NULL,'113','61723847','NEON CORRETORA DE TÍTULOS E VALORES MOBILIÁRIOS S.A.                            ','NEON CTVM S.A.'),(294,NULL,'131','61747085','TULLETT PREBON BRASIL CORRETORA DE VALORES E CÂMBIO LTDA                        ','TULLETT PREBON BRASIL CVC LTDA'),(295,NULL,'011','61809182','CREDIT SUISSE HEDGING-GRIFFO CORRETORA DE VALORES S.A                           ','C.SUISSE HEDGING-GRIFFO CV S/A'),(296,NULL,'611','61820817','Banco Paulista S.A.                                                             ','BCO PAULISTA S.A.'),(297,NULL,'755','62073200','Bank of America Merrill Lynch Banco Múltiplo S.A.                               ','BOFA MERRILL LYNCH BM S.A.'),(298,NULL,'089','62109566','CREDISAN COOPERATIVA DE CRÉDITO                                                 ','CREDISAN CC'),(299,NULL,'643','62144175','Banco Pine S.A.                                                                 ','BCO PINE S.A.'),(300,NULL,'140','62169875','NU INVEST CORRETORA DE VALORES S.A.                                             ','NU INVEST CORRETORA DE VALORES S.A.'),(301,NULL,'707','62232889','Banco Daycoval S.A.                                                             ','BCO DAYCOVAL S.A'),(302,NULL,'288','62237649','CAROL DISTRIBUIDORA DE TITULOS E VALORES MOBILIARIOS LTDA.                      ','CAROL DTVM LTDA.'),(303,NULL,'363','62285390','SINGULARE CORRETORA DE TÍTULOS E VALORES MOBILIÁRIOS S.A.                       ','SINGULARE CTVM S.A.'),(304,NULL,'101','62287735','RENASCENCA DISTRIBUIDORA DE TÍTULOS E VALORES MOBILIÁRIOS LTDA                  ','RENASCENCA DTVM LTDA'),(305,NULL,'487','62331228','DEUTSCHE BANK S.A. - BANCO ALEMAO                                               ','DEUTSCHE BANK S.A.BCO ALEMAO'),(306,NULL,'233','62421979','Banco Cifra S.A.                                                                ','BANCO CIFRA'),(307,NULL,'177','65913436','Guide Investimentos S.A. Corretora de Valores                                   ','GUIDE'),(308,NULL,'438','67030395','TRUSTEE DISTRIBUIDORA DE TÍTULOS E VALORES MOBILIÁRIOS LTDA.                    ','TRUSTEE DTVM LTDA.'),(309,NULL,'365','68757681','SIMPAUL CORRETORA DE CAMBIO E VALORES MOBILIARIOS  S.A.                         ','SIMPAUL'),(310,NULL,'633','68900810','Banco Rendimento S.A.                                                           ','BCO RENDIMENTO S.A.'),(311,NULL,'218','71027866','Banco BS2 S.A.                                                                  ','BCO BS2 S.A.'),(312,NULL,'293','71590442','Lastro RDV Distribuidora de Títulos e Valores Mobiliários Ltda.                 ','LASTRO RDV DTVM LTDA'),(313,NULL,'285','71677850','Frente Corretora de Câmbio Ltda.                                                ','FRENTE CC LTDA.'),(314,NULL,'080','73622748','B&T CORRETORA DE CAMBIO LTDA.                                                   ','B&T CC LTDA.'),(315,NULL,'753','74828799','Novo Banco Continental S.A. - Banco Múltiplo                                    ','NOVO BCO CONTINENTAL S.A. - BM'),(316,NULL,'222','75647891','BANCO CRÉDIT AGRICOLE BRASIL S.A.                                               ','BCO CRÉDIT AGRICOLE BR S.A.'),(317,NULL,'281','76461557','Cooperativa de Crédito Rural Coopavel                                           ','CCR COOPAVEL'),(318,NULL,'754','76543115','Banco Sistema S.A.                                                              ','BANCO SISTEMA'),(319,NULL,'311','76641497','DOURADA CORRETORA DE CÂMBIO LTDA.                                               ','DOURADA CORRETORA'),(320,NULL,'098','78157146','Credialiança Cooperativa de Crédito Rural                                       ','CREDIALIANÇA CCR'),(321,NULL,'610','78626983','Banco VR S.A.                                                                   ','BCO VR S.A.'),(322,NULL,'712','78632767','Banco Ourinvest S.A.                                                            ','BCO OURINVEST S.A.'),(323,NULL,'720','80271455','BANCO RNX S.A.                                                                  ','BCO RNX S.A.'),(324,NULL,'010','81723108','CREDICOAMO CREDITO RURAL COOPERATIVA                                            ','CREDICOAMO'),(325,NULL,'440','82096447','CREDIBRF - COOPERATIVA DE CRÉDITO                                               ','CREDIBRF COOP'),(326,NULL,'442','87963450','MAGNETIS - DISTRIBUIDORA DE TÍTULOS E VALORES MOBILIÁRIOS LTDA                  ','MAGNETIS - DTVM'),(327,NULL,'283','89960090','RB INVESTIMENTOS DISTRIBUIDORA DE TITULOS E VALORES MOBILIARIOS LIMITADA        ','RB INVESTIMENTOS DTVM LTDA.'),(328,NULL,'033','90400888','BANCO SANTANDER (BRASIL) S.A.                                                   ','BCO SANTANDER (BRASIL) S.A.'),(329,NULL,'217','91884981','Banco John Deere S.A.                                                           ','BANCO JOHN DEERE S.A.'),(330,NULL,'041','92702067','Banco do Estado do Rio Grande do Sul S.A.                                       ','BCO DO ESTADO DO RS S.A.'),(331,NULL,'117','92856905','ADVANCED CORRETORA DE CÂMBIO LTDA                                               ','ADVANCED CC LTDA'),(332,NULL,'654','92874270','BANCO DIGIMAIS S.A.                                                             ','BCO DIGIMAIS S.A.'),(333,NULL,'371','92875780','WARREN CORRETORA DE VALORES MOBILIÁRIOS E CÂMBIO LTDA.                          ','WARREN CVMC LTDA'),(334,NULL,'212','92894922','Banco Original S.A.                                                             ','BANCO ORIGINAL'),(335,NULL,'289','94968518','EFX CORRETORA DE CÂMBIO LTDA.                                                   ','EFX CC LTDA.');
/*!40000 ALTER TABLE `banco` ENABLE KEYS */;
UNLOCK TABLES;

--
-- Table structure for table `categoria`
--

DROP TABLE IF EXISTS `categoria`;
/*!40101 SET @saved_cs_client     = @@character_set_client */;
/*!50503 SET character_set_client = utf8mb4 */;
CREATE TABLE `categoria` (
  `id` int NOT NULL,
  `analisar` bit(1) DEFAULT NULL,
  `descricao` varchar(50) NOT NULL,
  PRIMARY KEY (`id`)
) ENGINE=InnoDB DEFAULT CHARSET=utf8mb4 COLLATE=utf8mb4_0900_ai_ci;
/*!40101 SET character_set_client = @saved_cs_client */;

--
-- Dumping data for table `categoria`
--

LOCK TABLES `categoria` WRITE;
/*!40000 ALTER TABLE `categoria` DISABLE KEYS */;
INSERT INTO `categoria` VALUES (337,_binary '','Saúde'),(346,NULL,'Saldo Anterior'),(444,NULL,'Salário'),(447,_binary '','Casa'),(466,NULL,'Rendimento'),(468,_binary '','Alimentação'),(469,_binary '','Supermercado'),(470,_binary '','Carro'),(471,_binary '','Pessoal'),(472,_binary '','Diversão'),(473,_binary '','Educação'),(558,NULL,'Cartão');
/*!40000 ALTER TABLE `categoria` ENABLE KEYS */;
UNLOCK TABLES;

--
-- Table structure for table `conta`
--

DROP TABLE IF EXISTS `conta`;
/*!40101 SET @saved_cs_client     = @@character_set_client */;
/*!50503 SET character_set_client = utf8mb4 */;
CREATE TABLE `conta` (
  `id` int NOT NULL,
  `descricao` varchar(50) NOT NULL,
  `id_banco` int NOT NULL,
  PRIMARY KEY (`id`),
  KEY `FKcu48crbc0neq2ledttx0p5x1a` (`id_banco`),
  CONSTRAINT `FKcu48crbc0neq2ledttx0p5x1a` FOREIGN KEY (`id_banco`) REFERENCES `banco` (`id`)
) ENGINE=InnoDB DEFAULT CHARSET=utf8mb4 COLLATE=utf8mb4_0900_ai_ci;
/*!40101 SET character_set_client = @saved_cs_client */;

--
-- Dumping data for table `conta`
--

LOCK TABLES `conta` WRITE;
/*!40000 ALTER TABLE `conta` DISABLE KEYS */;
INSERT INTO `conta` VALUES (338,'Bradesco',278),(339,'C6',190),(340,'C6 Cartão',190),(343,'Itaú',274);
/*!40000 ALTER TABLE `conta` ENABLE KEYS */;
UNLOCK TABLES;

--
-- Table structure for table `hibernate_sequence`
--

DROP TABLE IF EXISTS `hibernate_sequence`;
/*!40101 SET @saved_cs_client     = @@character_set_client */;
/*!50503 SET character_set_client = utf8mb4 */;
CREATE TABLE `hibernate_sequence` (
  `next_val` bigint DEFAULT NULL
) ENGINE=InnoDB DEFAULT CHARSET=utf8mb4 COLLATE=utf8mb4_0900_ai_ci;
/*!40101 SET character_set_client = @saved_cs_client */;

--
-- Dumping data for table `hibernate_sequence`
--

LOCK TABLES `hibernate_sequence` WRITE;
/*!40000 ALTER TABLE `hibernate_sequence` DISABLE KEYS */;
INSERT INTO `hibernate_sequence` VALUES (1070),(1070),(1070),(1070),(1070);
/*!40000 ALTER TABLE `hibernate_sequence` ENABLE KEYS */;
UNLOCK TABLES;

--
-- Table structure for table `lancamento`
--

DROP TABLE IF EXISTS `lancamento`;
/*!40101 SET @saved_cs_client     = @@character_set_client */;
/*!50503 SET character_set_client = utf8mb4 */;
CREATE TABLE `lancamento` (
  `id` int NOT NULL,
  `concluido` bit(1) DEFAULT NULL,
  `data` datetime(6) NOT NULL,
  `descricao` varchar(50) NOT NULL,
  `fixo` bit(1) DEFAULT NULL,
  `numero_bradesco` varchar(255) DEFAULT NULL,
  `valor` decimal(19,2) NOT NULL,
  `id_categoria` int DEFAULT NULL,
  `id_conta` int NOT NULL,
  `id_planilha` int NOT NULL,
  PRIMARY KEY (`id`),
  KEY `FKr651pitjvnxinfpcgbd9g71sf` (`id_categoria`),
  KEY `FKtdlpcnlxjl048mkkrxu92engo` (`id_conta`),
  KEY `FKi8mx6xn6npvgpuhsef253x7eo` (`id_planilha`),
  CONSTRAINT `FKi8mx6xn6npvgpuhsef253x7eo` FOREIGN KEY (`id_planilha`) REFERENCES `planilha` (`id`),
  CONSTRAINT `FKr651pitjvnxinfpcgbd9g71sf` FOREIGN KEY (`id_categoria`) REFERENCES `categoria` (`id`),
  CONSTRAINT `FKtdlpcnlxjl048mkkrxu92engo` FOREIGN KEY (`id_conta`) REFERENCES `conta` (`id`)
) ENGINE=InnoDB DEFAULT CHARSET=utf8mb4 COLLATE=utf8mb4_0900_ai_ci;
/*!40101 SET character_set_client = @saved_cs_client */;

--
-- Dumping data for table `lancamento`
--

LOCK TABLES `lancamento` WRITE;
/*!40000 ALTER TABLE `lancamento` DISABLE KEYS */;
INSERT INTO `lancamento` VALUES (395,_binary '','2022-05-05 03:00:00.000000','00013 SH IGUATEMI POA - Parcela 2/3 ',_binary '',NULL,-253.23,471,340,336),(396,_binary '','2022-05-07 03:00:00.000000','00170 SH BOURBON WAL - Parcela 2/3 ',_binary '',NULL,-99.93,471,340,336),(397,_binary '','2022-05-07 03:00:00.000000','LOJAS COLOMBO 291 - Parcela 2/12 ',_binary '',NULL,-169.08,447,340,336),(398,_binary '','2022-05-31 03:00:00.000000','SUPERMERCADO GECEPEL ',NULL,NULL,-63.27,469,340,336),(399,_binary '','2022-05-31 03:00:00.000000','SUPERMERCADO GECEPEL ',NULL,NULL,-50.74,469,340,336),(400,_binary '','2022-06-01 03:00:00.000000','PAG NICOLASBRAGEBARBO ',NULL,NULL,-10.00,472,340,336),(401,_binary '','2022-06-01 03:00:00.000000','IFOOD IFOOD ',NULL,NULL,-31.38,468,340,336),(402,_binary '','2022-06-02 03:00:00.000000','AMAZON AWS SERVICOS BR ',_binary '',NULL,-2.45,471,340,336),(403,_binary '','2022-06-03 03:00:00.000000','CAPONE ',NULL,NULL,-134.20,472,340,336),(404,_binary '','2022-06-03 03:00:00.000000','OLDSCHOOL ',_binary '',NULL,-63.00,471,340,336),(405,_binary '','2022-06-03 03:00:00.000000','CHAVEIRO SETE CHAVES ',NULL,NULL,-180.00,470,340,336),(406,_binary '','2022-06-03 03:00:00.000000','PEPPO CUCINA ',NULL,NULL,-238.70,472,340,336),(407,_binary '','2022-06-04 03:00:00.000000','SUPERMERCADO GECEPEL ',NULL,NULL,-64.31,469,340,336),(408,_binary '','2022-06-04 03:00:00.000000','JFA PRODUTOS COLONIAIS ',NULL,NULL,-32.00,469,340,336),(409,_binary '','2022-06-04 03:00:00.000000','PAG JOCELROCHA ',NULL,NULL,-21.00,472,340,336),(410,_binary '','2022-06-04 03:00:00.000000','ESPONTANEO ',NULL,NULL,-24.00,472,340,336),(411,_binary '','2022-06-07 03:00:00.000000','FILIPPIN FOTOGRAFIAS ',NULL,NULL,-35.00,471,340,336),(412,_binary '','2022-06-07 03:00:00.000000','PAYGO MR CLAU PASTEIS ',NULL,NULL,-17.90,472,340,336),(413,_binary '','2022-06-07 03:00:00.000000','LEVEDURA CERVEJAS ESP ',NULL,NULL,-13.00,472,340,336),(414,_binary '','2022-06-09 03:00:00.000000','LYON PARK SQUARE ',NULL,NULL,-14.00,470,340,336),(415,_binary '','2022-06-09 03:00:00.000000','BORRACHARIA SANTANA L ',NULL,NULL,-20.00,470,340,336),(416,_binary '','2022-06-09 03:00:00.000000','PAG ESPACOCULTURAL512 ',NULL,NULL,-87.15,472,340,336),(418,_binary '','2022-06-10 03:00:00.000000','Liberty Seguro 1/3',_binary '',NULL,-1166.24,470,340,336),(419,_binary '','2022-06-11 03:00:00.000000','VALENTE E CASARIN LTD ',NULL,NULL,-23.80,472,340,336),(420,_binary '','2022-06-11 03:00:00.000000','PAYGO MR CLAU PASTEIS ',NULL,NULL,-27.90,472,340,336),(421,_binary '','2022-06-11 03:00:00.000000','LEVEDURA CERVEJAS ESP ',NULL,NULL,-46.20,472,340,336),(422,_binary '','2022-06-12 03:00:00.000000','EL TONEL ',NULL,NULL,-101.00,472,340,336),(423,_binary '','2022-06-13 03:00:00.000000','GARTEN BISTRO ',NULL,NULL,-23.50,472,340,336),(424,_binary '','2022-06-13 03:00:00.000000','LEVEDURA CERVEJAS ESP ',NULL,NULL,-31.90,472,340,336),(425,_binary '','2022-06-15 03:00:00.000000','IFOOD IFOOD ',NULL,NULL,-43.99,468,340,336),(426,_binary '','2022-06-15 03:00:00.000000','DM2 CERVEJARIA LTDA ',NULL,NULL,-100.98,472,340,336),(427,_binary '','2022-06-16 03:00:00.000000','PAG MEPAYFINANCIAL ',NULL,NULL,-44.00,472,340,336),(428,_binary '','2022-06-16 03:00:00.000000','DAIKOKU SUSHI BAR ',NULL,NULL,-155.80,472,340,336),(429,_binary '','2022-06-17 03:00:00.000000','GETULIO VARGAS COMERCI ',_binary '',NULL,-358.79,470,340,336),(430,_binary '','2022-06-17 03:00:00.000000','PATRIMONIO DO 4 DISTRI ',NULL,NULL,-20.00,472,340,336),(431,_binary '','2022-06-17 03:00:00.000000','PATRIMONIO DO 4 DISTRI ',NULL,NULL,-19.00,472,340,336),(432,_binary '','2022-06-18 03:00:00.000000','LA NOS FUNDOS REST ',NULL,NULL,-58.85,472,340,336),(433,_binary '','2022-06-19 03:00:00.000000','ALPHA COZINHA CONTEMPO ',NULL,NULL,-48.00,472,340,336),(434,_binary '','2022-06-19 03:00:00.000000','POSTO SAPATAO Cerveja',NULL,NULL,-10.75,472,340,336),(435,_binary '','2022-06-19 03:00:00.000000','4BEER CERVEJA E CULTUR ',NULL,NULL,-36.50,472,340,336),(436,_binary '','2022-06-21 03:00:00.000000','IFOOD IFOOD ',NULL,NULL,-66.18,468,340,336),(437,_binary '','2022-06-22 03:00:00.000000','IFOOD IFOOD ',NULL,NULL,-42.99,468,340,336),(438,_binary '','2022-06-22 03:00:00.000000','IFOOD IFOOD ',NULL,NULL,-9.03,468,340,336),(439,_binary '','2022-06-29 03:00:00.000000','IFOOD IFOOD ',NULL,NULL,-43.99,468,340,336),(440,_binary '','2022-11-28 03:00:00.000000','PP ALURA - Parcela 8/12 ',NULL,NULL,-63.75,473,340,336),(441,_binary '','2022-06-02 03:00:00.000000','EBANX SPOTIFY ',_binary '',NULL,-19.90,471,340,336),(442,_binary '','2022-07-01 03:00:00.000000','Saldo Anterior',_binary '\0',NULL,124.11,346,339,336),(443,_binary '','2022-07-01 03:00:00.000000','Saldo Anterior',NULL,NULL,4545.11,346,343,336),(445,_binary '','2022-07-10 03:00:00.000000','Salário 1',_binary '',NULL,5840.45,444,343,336),(446,_binary '','2022-07-25 03:00:00.000000','Salário 2',_binary '',NULL,5200.00,444,343,336),(449,_binary '','2022-07-04 03:00:00.000000','Poup Facil-depos a Partir 4/5/12',NULL,'0306162',150.96,466,338,336),(450,_binary '','2022-07-04 03:00:00.000000','Poup Facil-depos a Partir 4/5/12',NULL,'0405828',26.15,466,338,336),(451,_binary '','2022-07-04 03:00:00.000000','Renato Pozzebon',_binary '','1194332',-300.00,470,338,336),(452,_binary '','2022-07-04 03:00:00.000000','Poup Facil-depos a Partir 4/5/12',NULL,'0004135',-0.40,466,338,336),(453,_binary '','2022-07-04 03:00:00.000000','Dest: Stefan Cardon',_binary '','1112136',-303.00,337,338,336),(454,_binary '','2022-07-04 03:00:00.000000','Dest: Veronica Torino Lermen',_binary '','1119449',-265.00,447,338,336),(455,_binary '','2022-07-04 03:00:00.000000','Dest: Alexandre Ferreira e Silva',NULL,'1134094',-300.00,471,338,336),(456,_binary '','2022-07-06 03:00:00.000000','Capone',NULL,'0120983',-30.80,472,338,336),(457,_binary '','2022-07-06 03:00:00.000000','4beer Cerveja e Cult',NULL,'0977953',-66.00,472,338,336),(458,_binary '','2022-07-07 03:00:00.000000','Remet.coop Soma',_binary '','2364124',10245.22,444,338,336),(459,_binary '','2022-07-07 03:00:00.000000','Nova York Drinks e w',NULL,'0008818',-247.60,472,338,336),(460,_binary '','2022-07-07 03:00:00.000000','Dest: Ricardo Quesada',_binary '','1132334',-235.00,471,338,336),(462,_binary '','2022-07-11 03:00:00.000000','Dest.vicente Coda',_binary '','4898894',-680.00,337,338,336),(463,_binary '','2022-07-18 03:00:00.000000','4beer Cerveja e Cult',NULL,'0570289',-36.00,472,338,336),(464,_binary '','2022-07-18 03:00:00.000000','Comercial de Carnes',NULL,'0753793',-198.80,472,338,336),(465,_binary '','2022-07-29 03:00:00.000000','Dest: Top Music Escola',NULL,'1004259',-310.00,471,338,336),(474,_binary '','2022-07-01 03:00:00.000000','Saldo Anterior',NULL,NULL,28918.82,346,338,336),(522,_binary '','2022-08-01 03:00:00.000000','Saldo Anterior',_binary '\0',NULL,124.11,346,339,475),(523,_binary '','2022-08-01 03:00:00.000000','Saldo Anterior',NULL,NULL,15585.56,346,343,475),(524,_binary '','2022-08-01 03:00:00.000000','Salário 1',_binary '',NULL,5200.00,444,343,475),(525,_binary '','2022-08-25 03:00:00.000000','Salário 2',_binary '',NULL,4421.21,444,343,475),(544,_binary '','2022-08-02 00:00:00.000000','Renato Pozzebon',_binary '','1194232',-300.00,470,338,475),(545,_binary '','2022-08-02 00:00:00.000000','Dest: Veronica Torino Lermen',_binary '','2006296',-265.00,447,338,475),(546,_binary '','2022-08-03 00:00:00.000000','Poup Facil-depos a Partir 4/5/12',NULL,'0307013',172.88,466,338,475),(547,_binary '','2022-08-04 00:00:00.000000','Poup Facil-depos a Partir 4/5/12',NULL,'0407284',23.16,466,338,475),(548,_binary '','2022-08-05 00:00:00.000000','Remet.coop Soma',_binary '','9797957',10245.22,444,338,475),(549,_binary '','2022-08-05 00:00:00.000000','Damask',NULL,'0767669',-68.75,472,338,475),(550,_binary '','2022-08-08 00:00:00.000000','Poup Facil-depos a Partir 4/5/12',NULL,'0707008',26.53,466,338,475),(551,_binary '','2022-08-08 00:00:00.000000','Distribuidora de Gas',NULL,'0348706',-125.00,447,338,475),(553,_binary '','2022-08-10 00:00:00.000000','Dest.vicente Coda',_binary '','3703994',-850.00,337,338,475),(554,_binary '','2022-08-10 00:00:00.000000','Dest: Stefan Cardon',_binary '','0608596',-303.00,337,338,475),(555,_binary '','2022-08-10 00:00:00.000000','Bradesco C-claro S.a.',_binary '','6960028',-213.61,447,338,475),(556,_binary '','2022-08-26 00:00:00.000000','ok Park',NULL,'0463613',-14.00,470,338,475),(557,_binary '','2022-08-30 00:00:00.000000','Secr. r. f. -. l. 2021/16',NULL,'0227750',4057.10,466,338,475),(559,_binary '','2022-07-10 03:00:00.000000','Fatura C6 Junho',_binary '\0',NULL,-4187.38,558,338,336),(560,_binary '','2022-08-01 03:00:00.000000','Saldo Anterior',NULL,NULL,32181.17,346,338,475),(561,_binary '','2022-05-07 00:00:00.000000','LOJAS COLOMBO 291 - Parcela 4/12 ',_binary '',NULL,-169.08,471,340,607),(562,_binary '','2022-07-29 00:00:00.000000','IFOOD IFOOD ',NULL,NULL,-33.88,468,340,607),(563,_binary '','2022-07-30 00:00:00.000000','BUTEQUIM DA ESQUINA ',NULL,NULL,-43.00,472,340,607),(564,_binary '','2022-08-02 00:00:00.000000','AMAZON AWS SERVICOS BR ',_binary '',NULL,-2.66,471,340,607),(565,_binary '','2022-08-03 00:00:00.000000','BALDHEAD CB ',NULL,NULL,-60.50,472,340,607),(566,_binary '','2022-08-05 00:00:00.000000','FIRMA BAR ',NULL,NULL,-49.50,472,340,607),(567,_binary '','2022-08-07 00:00:00.000000','RTA BAR RESTAURANTE LT ',NULL,NULL,-62.70,472,340,607),(568,_binary '','2022-08-07 00:00:00.000000','QUENTINS ',NULL,NULL,-46.20,472,340,607),(569,_binary '','2022-08-09 00:00:00.000000','EL TONEL ',NULL,NULL,-77.50,472,340,607),(571,_binary '','2022-08-10 00:00:00.000000','LIBERTY BRAZIL PARC 3 ',_binary '',NULL,-1166.25,470,340,607),(572,_binary '','2022-08-10 00:00:00.000000','LYON PARK SQUARE ',NULL,NULL,-10.00,470,340,607),(573,_binary '','2022-08-10 00:00:00.000000','JAPESCA CIDADE BAIXA ',NULL,NULL,-33.90,472,340,607),(574,_binary '','2022-08-10 00:00:00.000000','OLDSCHOOL ',_binary '',NULL,-35.00,471,340,607),(575,_binary '','2022-08-10 00:00:00.000000','INSTITUTO CULTURAL BR ',NULL,NULL,-21.00,472,340,607),(576,_binary '','2022-08-10 00:00:00.000000','A VIRGEM BAR E TATTOO ',NULL,NULL,-94.00,472,340,607),(577,_binary '','2022-08-11 00:00:00.000000','PRI BAKERY ',NULL,NULL,-48.00,472,340,607),(578,_binary '','2022-08-12 00:00:00.000000','UBER TRIP HELP UBER C ',NULL,NULL,-29.93,472,340,607),(579,_binary '','2022-08-12 00:00:00.000000','EL AGUANTE ',NULL,NULL,-53.00,472,340,607),(580,_binary '','2022-08-12 00:00:00.000000','PAG MIGUEL836 ',NULL,NULL,-24.20,472,340,607),(581,_binary '','2022-08-13 00:00:00.000000','UBER UBER TRIP ',NULL,NULL,-24.91,472,340,607),(582,_binary '','2022-08-13 00:00:00.000000','BAR DO NITO ',NULL,NULL,-87.70,472,340,607),(583,_binary '','2022-08-14 00:00:00.000000','LOS TRES COMERCIO DE A ',NULL,NULL,-82.28,472,340,607),(584,_binary '','2022-08-16 00:00:00.000000','PAG PLASTICOSPORTO ',NULL,NULL,-85.00,471,340,607),(585,_binary '','2022-08-16 00:00:00.000000','PAG JOSERICARDOCANDID ',NULL,NULL,-30.90,471,340,607),(586,_binary '','2022-08-16 00:00:00.000000','PAG PANVELFILIAL324 ',NULL,NULL,-99.63,337,340,607),(587,_binary '','2022-08-16 00:00:00.000000','LEVEDURA CERVEJAS ESP ',NULL,NULL,-52.00,472,340,607),(588,_binary '','2022-08-18 00:00:00.000000','PASTEL COM BORDA ',NULL,NULL,-62.50,472,340,607),(589,_binary '','2022-08-19 00:00:00.000000','SANTO POSTO ',_binary '',NULL,-237.94,470,340,607),(590,_binary '','2022-08-19 00:00:00.000000','ESPONTANEO ',NULL,NULL,-46.00,472,340,607),(591,_binary '','2022-08-19 00:00:00.000000','FENIX BAR ',NULL,NULL,-20.00,472,340,607),(592,_binary '','2022-08-21 00:00:00.000000','PAG ALEXANDREMACHADO ',NULL,NULL,-20.00,472,340,607),(593,_binary '','2022-08-21 00:00:00.000000','ADOMA ',NULL,NULL,-20.00,472,340,607),(594,_binary '','2022-08-21 00:00:00.000000','PAG ATELIERDEDOCESART ',NULL,NULL,-18.00,472,340,607),(595,_binary '','2022-08-21 00:00:00.000000','PAG MICHELLEPETINELI ',NULL,NULL,-60.00,472,340,607),(596,_binary '','2022-08-24 00:00:00.000000','IFOOD IFOOD ',NULL,NULL,-44.99,468,340,607),(597,_binary '','2022-08-24 00:00:00.000000','BALDHEAD CB ',NULL,NULL,-33.00,472,340,607),(598,_binary '','2022-08-25 00:00:00.000000','DTP DRIVE TERCEIRA PER ',NULL,NULL,-24.70,468,340,607),(599,_binary '','2022-08-26 00:00:00.000000','BARRANQUINHO ',NULL,NULL,-190.30,472,340,607),(600,_binary '','2022-08-28 00:00:00.000000','FAMIGLIA FACIN ',NULL,NULL,-119.35,472,340,607),(601,_binary '','2022-08-29 00:00:00.000000','LYON PARK SQUARE ',NULL,NULL,-10.00,470,340,607),(602,_binary '','2022-08-29 00:00:00.000000','ARTEMIO GRITTI COMERCI ',NULL,NULL,-20.00,472,340,607),(603,_binary '','2022-11-28 00:00:00.000000','PP ALURA - Parcela 10/12 ',_binary '',NULL,-63.75,471,340,607),(604,_binary '','2022-07-18 00:00:00.000000','PAG CENTURIAINDUSTRIA - Parcela 2/3 ',_binary '',NULL,-113.54,471,340,607),(605,_binary '','2022-08-02 00:00:00.000000','EBW SPOTIFY ',_binary '',NULL,-19.90,471,340,607),(606,_binary '','2022-08-10 03:00:00.000000','Fatura C6 Julho',NULL,NULL,-4050.82,558,338,475),(608,_binary '','2022-09-01 03:00:00.000000','Saldo Anterior',_binary '\0',NULL,124.11,346,339,607),(609,_binary '','2022-09-01 03:00:00.000000','Saldo Anterior',NULL,NULL,25206.77,346,343,607),(610,_binary '','2022-09-10 03:00:00.000000','Salário 1',_binary '',NULL,5200.00,444,343,607),(611,_binary '','2022-09-25 03:00:00.000000','Salário 2',_binary '',NULL,4421.21,444,343,607),(671,_binary '','2022-09-02 00:00:00.000000','Tomograf Radiolog',NULL,'0106748',-205.00,337,338,607),(672,_binary '','2022-09-02 00:00:00.000000','Posto Paineira',NULL,'0500368',-41.39,472,338,607),(673,_binary '','2022-09-02 00:00:00.000000','Bradesco C-detran Gade-e/rs',_binary '','6372000',-267.79,471,338,607),(674,_binary '','2022-09-05 00:00:00.000000','Poup Facil-depos a Partir 4/5/12',NULL,'0307432',184.49,466,338,607),(675,_binary '','2022-09-05 00:00:00.000000','Poup Facil-depos a Partir 4/5/12',NULL,'0407083',22.68,466,338,607),(676,_binary '','2022-09-05 00:00:00.000000','Poup Facil-depos a Partir 4/5/12',NULL,'0506804',57.38,466,338,607),(677,_binary '','2022-09-05 00:00:00.000000','Pag*panvelfilial397',NULL,'0147906',-7.56,337,338,607),(678,_binary '','2022-09-06 00:00:00.000000','Atelier de Massas',NULL,'0542266',-104.34,472,338,607),(679,_binary '','2022-09-09 00:00:00.000000','Renato Pozzebon',_binary '','1194866',-300.00,470,338,607),(680,_binary '','2022-09-09 00:00:00.000000','Dest.vicente Coda',_binary '','2021054',-680.00,337,338,607),(681,_binary '','2022-09-09 00:00:00.000000','Des: Stefan Cardon 09/09',_binary '','1527374',-303.00,337,338,607),(682,_binary '','2022-09-09 00:00:00.000000','Des: Veronica Torino Lerme 09/09',_binary '','1531173',-140.00,447,338,607),(683,_binary '','2022-09-09 00:00:00.000000','Bradesco C-claro S.a.',_binary '','6960028',-223.53,447,338,607),(684,_binary '','2022-09-12 00:00:00.000000','c6',NULL,'0000056',-3646.69,558,338,607),(685,_binary '','2022-09-12 00:00:00.000000','Pag*panvelfilial324',NULL,'0277832',-21.63,337,338,607),(686,_binary '','2022-09-13 00:00:00.000000','Posto Pegasus',_binary '','0308353',-265.72,470,338,607),(687,_binary '','2022-09-13 00:00:00.000000','Oldschool',_binary '','0485752',-31.90,471,338,607),(688,_binary '','2022-09-13 00:00:00.000000','Mekaurio',NULL,'0526366',-74.80,472,338,607),(689,_binary '','2022-09-14 00:00:00.000000','Pag*garagemalbertobi',NULL,'0630785',-13.00,470,338,607),(690,_binary '','2022-09-15 00:00:00.000000','Cesta Exclusive',NULL,'0010922',-68.80,472,338,607),(691,_binary '','2022-09-15 00:00:00.000000','el Tonel',NULL,'0104338',-77.50,472,338,607),(692,_binary '','2022-09-19 00:00:00.000000','Parque Dos Peixes',NULL,'0011617',-79.00,472,338,607),(693,_binary '','2022-09-19 00:00:00.000000','Saque 24h',NULL,'1709411',-500.00,471,338,607),(694,_binary '','2022-09-22 00:00:00.000000','Des: Pedro Luis Guimaraes 22/09',NULL,'1912464',-35.00,472,338,607),(695,_binary '','2022-09-29 00:00:00.000000','Areatec - Tecnolo',NULL,'0001498',-4.60,470,338,607),(696,_binary '','2022-09-29 00:00:00.000000','Pag*panvelfilial324',NULL,'0137110',-116.59,337,338,607),(697,_binary '','2022-09-29 00:00:00.000000','Des: Eduardo Ferrary Rocha 29/09',NULL,'1142353',-1500.00,337,338,607),(698,_binary '','2022-09-01 03:00:00.000000','Saldo Anterior',NULL,NULL,40515.88,346,338,607),(817,_binary '','2022-10-01 03:00:00.000000','Saldo Anterior',_binary '',NULL,124.11,346,339,772),(818,_binary '','2022-10-01 03:00:00.000000','Saldo Anterior',NULL,NULL,34827.98,346,343,772),(819,_binary '','2022-10-11 03:00:00.000000','Rescisão de contrato',NULL,NULL,2295.97,444,343,772),(849,_binary '','2022-10-31 03:00:00.000000','Rendimento',NULL,NULL,2.26,466,343,772),(850,_binary '','2022-10-03 00:00:00.000000','Poup Facil-depos a Partir 4/5/12',NULL,'0106814',24.14,466,338,772),(851,_binary '','2022-10-03 00:00:00.000000','Poup Facil-depos a Partir 4/5/12',NULL,'0306152',153.84,466,338,772),(852,_binary '','2022-10-04 00:00:00.000000','Poup Facil-depos a Partir 4/5/12',NULL,'0406430',20.74,466,338,772),(853,_binary '','2022-10-04 00:00:00.000000','Renato Pozzebon',_binary '','1194800',-300.00,470,338,772),(854,_binary '','2022-10-04 00:00:00.000000','Dest.vicente Coda',_binary '','3409456',-680.00,337,338,772),(855,_binary '','2022-10-04 00:00:00.000000','Des: Veronica Torino Lerme 04/10',_binary '','1704348',-377.50,447,338,772),(856,_binary '','2022-10-05 00:00:00.000000','Poup Facil-depos a Partir 4/5/12',NULL,'0506809',2.01,466,338,772),(857,_binary '','2022-10-05 00:00:00.000000','Des: Stefan Cardon 05/10',_binary '','1507220',-303.00,337,338,772),(858,_binary '','2022-10-05 00:00:00.000000','Bradesco C-claro S.a.',_binary '','6960028',-217.04,447,338,772),(859,_binary '','2022-10-06 00:00:00.000000','Puc Campus Faculd',NULL,'0060094',-13.00,470,338,772),(860,_binary '','2022-10-06 00:00:00.000000','Pag*migra',NULL,'0997885',-82.50,472,338,772),(861,_binary '','2022-10-07 00:00:00.000000','Areatec - Tecnolo',NULL,'0004340',-2.30,470,338,772),(862,_binary '','2022-10-10 00:00:00.000000','Fatura C6',NULL,'0000057',-2546.32,558,338,772),(863,_binary '','2022-10-10 00:00:00.000000','Vintage Craft Beer',NULL,'0502089',-30.00,472,338,772),(864,_binary '','2022-10-10 00:00:00.000000','Des: Marilia Ines de Souza 10/10',NULL,'1054105',-200.00,447,338,772),(865,_binary '','2022-10-11 00:00:00.000000','Backup',NULL,'0003597',-49.00,471,338,772),(866,_binary '','2022-10-11 00:00:00.000000','rs Farma fl 02',NULL,'0036363',-86.54,337,338,772),(867,_binary '','2022-10-11 00:00:00.000000','Pag*panvelfilial45',NULL,'0137037',-31.84,337,338,772),(868,_binary '','2022-10-11 00:00:00.000000','Oldschool',_binary '','0180875',-35.00,471,338,772),(869,_binary '','2022-10-11 00:00:00.000000','Estacionamento do',NULL,'0428554',-13.00,470,338,772),(870,_binary '','2022-10-13 00:00:00.000000','Mangalo',NULL,'0003096',-28.00,472,338,772),(871,_binary '','2022-10-13 00:00:00.000000','Quiosque Tropical',NULL,'0224481',-24.00,472,338,772),(872,_binary '','2022-10-13 00:00:00.000000','Barzito',NULL,'0470302',-201.97,472,338,772),(873,_binary '','2022-10-13 00:00:00.000000','Trindade Restaurante',NULL,'0539608',-126.17,472,338,772),(874,_binary '','2022-10-14 00:00:00.000000','Mercadopago*emersond',NULL,'0052280',-10.00,472,338,772),(875,_binary '','2022-10-17 00:00:00.000000','Ponta de Areia',NULL,'0049973',-142.50,472,338,772),(876,_binary '','2022-10-17 00:00:00.000000','Ponta de Areia',NULL,'0049988',-103.00,472,338,772),(877,_binary '','2022-10-18 00:00:00.000000','Cesta Exclusive',NULL,'0031022',-68.80,472,338,772),(878,_binary '','2022-10-19 00:00:00.000000','Baldhead cb',NULL,'0413612',-54.34,472,338,772),(879,_binary '','2022-10-21 00:00:00.000000','Posto Russo',_binary '','0229956',-195.70,470,338,772),(880,_binary '','2022-10-21 00:00:00.000000','Rota Sul Restaurante',NULL,'0969756',-28.00,472,338,772),(881,_binary '','2022-10-21 00:00:00.000000','Des: Areatec Tecnologia e 21/10',NULL,'1127406',-20.00,470,338,772),(882,_binary '','2022-10-27 00:00:00.000000','rs Farma fl 02',NULL,'0994972',-61.19,337,338,772),(883,_binary '','2022-10-01 03:00:00.000000','Saldo Anterior',NULL,NULL,32072.59,346,338,772),(884,_binary '','2022-05-07 00:00:00.000000','LOJAS COLOMBO 291 - Parcela 5/12 ',_binary '',NULL,-169.08,447,340,772),(885,_binary '','2022-08-30 00:00:00.000000','IFOOD IFOOD ',NULL,NULL,-32.88,468,340,772),(886,_binary '','2022-09-02 00:00:00.000000','AMAZON AWS SERVICOS BR ',_binary '',NULL,-2.55,471,340,772),(887,_binary '','2022-09-10 00:00:00.000000','LIBERTY BRAZIL PARC 4 ',_binary '',NULL,-1166.27,470,340,772),(888,_binary '','2022-09-10 00:00:00.000000','IFOOD IFOOD ',NULL,NULL,-32.88,468,340,772),(889,_binary '','2022-09-11 00:00:00.000000','BRECHO DO FUTEBOL CERV ',NULL,NULL,-52.80,472,340,772),(890,_binary '','2022-09-11 00:00:00.000000','RTA BAR RESTAURANTE LT ',NULL,NULL,-72.00,472,340,772),(892,_binary '','2022-09-17 00:00:00.000000','DOM CAMILO PRODUTOS CO ',NULL,NULL,-88.00,472,340,772),(893,_binary '','2022-09-17 00:00:00.000000','PAG MARIPOUSADA ',NULL,NULL,-32.00,472,340,772),(894,_binary '','2022-09-19 00:00:00.000000','PAG CELIOBRANCALIONE ',NULL,NULL,-18.50,472,340,772),(895,_binary '','2022-09-19 00:00:00.000000','POSTO TERRA NOSTRA ',_binary '',NULL,-200.00,470,340,772),(896,_binary '','2022-09-19 00:00:00.000000','FLORES KITCHEN ',NULL,NULL,-12.00,472,340,772),(897,_binary '','2022-09-20 00:00:00.000000','SERGIO LUIZ CATANI ',NULL,NULL,-39.00,472,340,772),(898,_binary '','2022-09-21 00:00:00.000000','GARGULA ',NULL,NULL,-33.00,472,340,772),(899,_binary '','2022-09-22 00:00:00.000000','PUC CAMPUS FACULDADE ',NULL,NULL,-13.00,470,340,772),(900,_binary '','2022-09-22 00:00:00.000000','LANTICA PIETRA ',NULL,NULL,-122.20,472,340,772),(901,_binary '','2022-09-23 00:00:00.000000','ESPACO LED POA ',NULL,NULL,-14.98,471,340,772),(902,_binary '','2022-09-23 00:00:00.000000','MULTIPLAN ADMINISTRADO ',NULL,NULL,-15.00,472,340,772),(903,_binary '','2022-09-26 00:00:00.000000','KALUNGA IGUATEMI PORTO - Parcela 1/3 ',_binary '',NULL,-97.78,471,340,772),(904,_binary '','2022-09-26 00:00:00.000000','ESTACIONAMENTO IGUATEM ',NULL,NULL,-15.00,470,340,772),(905,_binary '','2022-09-28 00:00:00.000000','TANGA ',NULL,NULL,-83.60,472,340,772),(906,_binary '','2022-11-28 00:00:00.000000','PP ALURA - Parcela 11/12 ',NULL,NULL,-63.75,473,340,772),(907,_binary '','2022-07-18 00:00:00.000000','PAG CENTURIAINDUSTRIA - Parcela 3/3 ',_binary '',NULL,-113.54,471,340,772),(908,_binary '','2022-09-02 00:00:00.000000','EBW SPOTIFY ',_binary '',NULL,-19.90,471,340,772),(909,_binary '','2022-09-25 00:00:00.000000','IPLACE COM - Parcela 1/10 ',_binary '',NULL,-36.61,471,340,772),(911,_binary '','2022-11-01 03:00:00.000000','Saldo Anterior',_binary '\0',NULL,124.11,346,339,910),(912,_binary '','2022-11-01 03:00:00.000000','Saldo Anterior',NULL,NULL,37126.21,346,343,910),(918,_binary '','2022-11-02 03:00:00.000000','Renato Pozzebon',_binary '','1194800',-300.00,470,338,910),(920,_binary '','2022-11-10 03:00:00.000000','Dest.vicente Coda',_binary '','3409456',-850.00,337,338,910),(923,_binary '','2022-12-05 00:00:00.000000','Des: Stefan Cardon 05/10',_binary '','1507220',-303.00,337,338,910),(924,_binary '','2022-12-05 00:00:00.000000','Bradesco C-claro S.a.',_binary '','6960028',-222.88,447,338,910),(966,_binary '\0','2022-12-21 00:00:00.000000','Gasolina',_binary '','0229956',-270.00,470,338,910),(974,_binary '','2022-11-01 03:00:00.000000','Saldo Anterior',NULL,NULL,26242.61,346,338,910),(1038,_binary '','2022-05-07 00:00:00.000000','LOJAS COLOMBO 291 - Parcela 6/12 ',_binary '',NULL,-169.08,447,340,910),(1039,_binary '','2022-09-26 00:00:00.000000','KALUNGA IGUATEMI PORTO - Parcela 2/3 ',_binary '',NULL,-97.76,471,340,910),(1040,_binary '','2022-10-02 00:00:00.000000','AMAZON AWS SERVICOS BR ',_binary '',NULL,-2.59,471,340,910),(1041,_binary '','2022-10-06 00:00:00.000000','POSTO ATLANTICA ',NULL,NULL,-254.62,470,340,910),(1042,_binary '','2022-10-06 00:00:00.000000','FARMACIAS ASSOCIADAS ',NULL,NULL,-27.93,337,340,910),(1043,_binary '','2022-10-08 00:00:00.000000','VINTAGE CRAFT BEER ',NULL,NULL,-30.00,472,340,910),(1044,_binary '','2022-10-08 00:00:00.000000','VINTAGE CRAFT BEER ',NULL,NULL,-30.00,472,340,910),(1046,_binary '','2022-10-24 00:00:00.000000','LYON PARK SQUARE ',NULL,NULL,-18.00,470,340,910),(1047,_binary '','2022-10-26 00:00:00.000000','IFOOD IFOOD ',NULL,NULL,-31.88,468,340,910),(1048,_binary '','2022-11-28 00:00:00.000000','PP ALURA - Parcela 12/12 ',_binary '',NULL,-63.75,471,340,910),(1049,_binary '','2022-09-25 00:00:00.000000','IPLACE COM - Parcela 2/10 ',_binary '',NULL,-36.55,471,340,910),(1050,_binary '','2022-10-02 00:00:00.000000','SPOTIFY ',_binary '',NULL,-19.90,471,340,910),(1051,_binary '','2022-10-24 00:00:00.000000','AMAZON COM BR DIGITAL ',_binary '',NULL,-21.75,473,340,910),(1052,_binary '','2022-11-10 03:00:00.000000','Fatura C6',NULL,NULL,-803.81,558,338,910),(1054,_binary '','2022-07-18 03:00:00.000000','CENTURIAM BOTA',_binary '',NULL,-113.54,471,340,475),(1055,_binary '','2022-07-06 03:00:00.000000','MEGATTUMII',NULL,NULL,-62.89,471,340,475),(1056,_binary '','2022-07-06 03:00:00.000000','REI DO CELULAR',NULL,NULL,-50.69,471,340,475),(1057,_binary '','2022-07-05 03:00:00.000000','ESTANTE VIRTUAL',NULL,NULL,-40.00,473,340,475),(1058,_binary '','2022-07-01 03:00:00.000000','SPOTIFY',_binary '',NULL,-19.90,471,340,475),(1059,_binary '','2022-07-01 03:00:00.000000','ALURA',_binary '',NULL,-63.75,473,340,475);
/*!40000 ALTER TABLE `lancamento` ENABLE KEYS */;
UNLOCK TABLES;

--
-- Table structure for table `limite_gastos`
--

DROP TABLE IF EXISTS `limite_gastos`;
/*!40101 SET @saved_cs_client     = @@character_set_client */;
/*!50503 SET character_set_client = utf8mb4 */;
CREATE TABLE `limite_gastos` (
  `id` int NOT NULL,
  `limite` decimal(19,2) DEFAULT NULL,
  `id_categoria` int NOT NULL,
  `id_planilha` int NOT NULL,
  PRIMARY KEY (`id`),
  KEY `FKknf6jvt4iahbqjievi6su6g45` (`id_categoria`),
  KEY `FKkc3ukmg5a3mpjm04bk641shy6` (`id_planilha`),
  CONSTRAINT `FKkc3ukmg5a3mpjm04bk641shy6` FOREIGN KEY (`id_planilha`) REFERENCES `planilha` (`id`),
  CONSTRAINT `FKknf6jvt4iahbqjievi6su6g45` FOREIGN KEY (`id_categoria`) REFERENCES `categoria` (`id`)
) ENGINE=InnoDB DEFAULT CHARSET=utf8mb4 COLLATE=utf8mb4_0900_ai_ci;
/*!40101 SET character_set_client = @saved_cs_client */;

--
-- Dumping data for table `limite_gastos`
--

LOCK TABLES `limite_gastos` WRITE;
/*!40000 ALTER TABLE `limite_gastos` DISABLE KEYS */;
INSERT INTO `limite_gastos` VALUES (1063,600.00,470,910),(1064,600.00,447,910),(1066,250.00,471,910),(1067,1000.00,472,910),(1069,100.00,468,910);
/*!40000 ALTER TABLE `limite_gastos` ENABLE KEYS */;
UNLOCK TABLES;

--
-- Table structure for table `planilha`
--

DROP TABLE IF EXISTS `planilha`;
/*!40101 SET @saved_cs_client     = @@character_set_client */;
/*!50503 SET character_set_client = utf8mb4 */;
CREATE TABLE `planilha` (
  `id` int NOT NULL,
  `ano` smallint NOT NULL,
  `descricao` varchar(50) NOT NULL,
  `mes` smallint NOT NULL,
  PRIMARY KEY (`id`)
) ENGINE=InnoDB DEFAULT CHARSET=utf8mb4 COLLATE=utf8mb4_0900_ai_ci;
/*!40101 SET character_set_client = @saved_cs_client */;

--
-- Dumping data for table `planilha`
--

LOCK TABLES `planilha` WRITE;
/*!40000 ALTER TABLE `planilha` DISABLE KEYS */;
INSERT INTO `planilha` VALUES (336,2022,'Julho',7),(475,2022,'Agosto',8),(607,2022,'Setembro',9),(772,2022,'Outubro',10),(910,2022,'Novembro',11);
/*!40000 ALTER TABLE `planilha` ENABLE KEYS */;
UNLOCK TABLES;
/*!40103 SET TIME_ZONE=@OLD_TIME_ZONE */;

/*!40101 SET SQL_MODE=@OLD_SQL_MODE */;
/*!40014 SET FOREIGN_KEY_CHECKS=@OLD_FOREIGN_KEY_CHECKS */;
/*!40014 SET UNIQUE_CHECKS=@OLD_UNIQUE_CHECKS */;
/*!40101 SET CHARACTER_SET_CLIENT=@OLD_CHARACTER_SET_CLIENT */;
/*!40101 SET CHARACTER_SET_RESULTS=@OLD_CHARACTER_SET_RESULTS */;
/*!40101 SET COLLATION_CONNECTION=@OLD_COLLATION_CONNECTION */;
/*!40111 SET SQL_NOTES=@OLD_SQL_NOTES */;

-- Dump completed on 2022-11-05 16:54:29
